{
  "version": "0.1.0",
  "type": "obsFeatureMatrix",
  "data": {
    "ROI_1_Score:0.659": {
      "score": 0.6592250019311905,
      "intensity_score": 0.318450003862381,
      "attention_score": 1.0,
      "num_nodes": 1,
      "num_edges": 0
    },
    "ROI_2_Score:0.412": {
      "score": 0.411812499165535,
      "intensity_score": 0.32362499833106995,
      "attention_score": 0.5,
      "num_nodes": 2,
      "num_edges": 2
    },
    "ROI_3_Score:0.344": {
      "score": 0.3443104177713394,
      "intensity_score": 0.35528749227523804,
      "attention_score": 0.3333333432674408,
      "num_nodes": 4,
      "num_edges": 8
    },
    "ROI_4_Score:0.343": {
      "score": 0.3428273946046829,
      "intensity_score": 0.25708332657814026,
      "attention_score": 0.4285714626312256,
      "num_nodes": 3,
      "num_edges": 4
    }
  }
}