{
  "version": "0.1.0",
  "type": "obsFeatureMatrix",
  "data": {
    "ROI_1_Score:0.736": {
      "score": 0.7355500012636185,
      "intensity_score": 0.47110000252723694,
      "attention_score": 1.0,
      "num_nodes": 1,
      "num_edges": 0
    },
    "ROI_2_Score:0.666": {
      "score": 0.6657499969005585,
      "intensity_score": 0.33149999380111694,
      "attention_score": 1.0,
      "num_nodes": 1,
      "num_edges": 0
    },
    "ROI_3_Score:0.651": {
      "score": 0.6508499979972839,
      "intensity_score": 0.30169999599456787,
      "attention_score": 1.0,
      "num_nodes": 1,
      "num_edges": 0
    },
    "ROI_4_Score:0.432": {
      "score": 0.4324750006198883,
      "intensity_score": 0.3649500012397766,
      "attention_score": 0.5,
      "num_nodes": 2,
      "num_edges": 2
    },
    "ROI_5_Score:0.421": {
      "score": 0.420912504196167,
      "intensity_score": 0.341825008392334,
      "attention_score": 0.5,
      "num_nodes": 2,
      "num_edges": 2
    },
    "ROI_6_Score:0.391": {
      "score": 0.39121247828006744,
      "intensity_score": 0.28242501616477966,
      "attention_score": 0.4999999403953552,
      "num_nodes": 2,
      "num_edges": 2
    },
    "ROI_7_Score:0.659": {
      "score": 0.6592250019311905,
      "intensity_score": 0.318450003862381,
      "attention_score": 1.0,
      "num_nodes": 1,
      "num_edges": 0
    },
    "ROI_8_Score:0.587": {
      "score": 0.5872749984264374,
      "intensity_score": 0.17454999685287476,
      "attention_score": 1.0,
      "num_nodes": 1,
      "num_edges": 0
    },
    "ROI_9_Score:0.460": {
      "score": 0.45991250872612,
      "intensity_score": 0.41982501745224,
      "attention_score": 0.5,
      "num_nodes": 2,
      "num_edges": 2
    },
    "ROI_10_Score:0.412": {
      "score": 0.411812499165535,
      "intensity_score": 0.32362499833106995,
      "attention_score": 0.5,
      "num_nodes": 2,
      "num_edges": 2
    },
    "ROI_11_Score:0.344": {
      "score": 0.3443104177713394,
      "intensity_score": 0.35528749227523804,
      "attention_score": 0.3333333432674408,
      "num_nodes": 4,
      "num_edges": 8
    },
    "ROI_12_Score:0.343": {
      "score": 0.3428273946046829,
      "intensity_score": 0.25708332657814026,
      "attention_score": 0.4285714626312256,
      "num_nodes": 3,
      "num_edges": 4
    },
    "ROI_13_Score:0.753": {
      "score": 0.7525500059127808,
      "intensity_score": 0.5051000118255615,
      "attention_score": 1.0,
      "num_nodes": 1,
      "num_edges": 0
    },
    "ROI_14_Score:0.739": {
      "score": 0.738999992609024,
      "intensity_score": 0.4779999852180481,
      "attention_score": 1.0,
      "num_nodes": 1,
      "num_edges": 0
    },
    "ROI_15_Score:0.738": {
      "score": 0.7381249964237213,
      "intensity_score": 0.4762499928474426,
      "attention_score": 1.0,
      "num_nodes": 1,
      "num_edges": 0
    },
    "ROI_16_Score:0.731": {
      "score": 0.7311750054359436,
      "intensity_score": 0.4623500108718872,
      "attention_score": 1.0,
      "num_nodes": 1,
      "num_edges": 0
    },
    "ROI_17_Score:0.722": {
      "score": 0.7222750037908554,
      "intensity_score": 0.4445500075817108,
      "attention_score": 1.0,
      "num_nodes": 1,
      "num_edges": 0
    },
    "ROI_18_Score:0.722": {
      "score": 0.7217749953269958,
      "intensity_score": 0.4435499906539917,
      "attention_score": 1.0,
      "num_nodes": 1,
      "num_edges": 0
    },
    "ROI_19_Score:0.709": {
      "score": 0.7093999981880188,
      "intensity_score": 0.4187999963760376,
      "attention_score": 1.0,
      "num_nodes": 1,
      "num_edges": 0
    },
    "ROI_20_Score:0.661": {
      "score": 0.6608999967575073,
      "intensity_score": 0.32179999351501465,
      "attention_score": 1.0,
      "num_nodes": 1,
      "num_edges": 0
    },
    "ROI_21_Score:0.640": {
      "score": 0.6403499990701675,
      "intensity_score": 0.2806999981403351,
      "attention_score": 1.0,
      "num_nodes": 1,
      "num_edges": 0
    },
    "ROI_22_Score:0.622": {
      "score": 0.6221249997615814,
      "intensity_score": 0.24424999952316284,
      "attention_score": 1.0,
      "num_nodes": 1,
      "num_edges": 0
    },
    "ROI_23_Score:0.562": {
      "score": 0.5622749999165535,
      "intensity_score": 0.124549999833107,
      "attention_score": 1.0,
      "num_nodes": 1,
      "num_edges": 0
    },
    "ROI_24_Score:0.560": {
      "score": 0.5595999993383884,
      "intensity_score": 0.11919999867677689,
      "attention_score": 1.0,
      "num_nodes": 1,
      "num_edges": 0
    },
    "ROI_25_Score:0.422": {
      "score": 0.42179998755455017,
      "intensity_score": 0.34360000491142273,
      "attention_score": 0.4999999701976776,
      "num_nodes": 2,
      "num_edges": 2
    },
    "ROI_26_Score:0.376": {
      "score": 0.37601250410079956,
      "intensity_score": 0.2520250082015991,
      "attention_score": 0.5,
      "num_nodes": 2,
      "num_edges": 2
    }
  }
}