{
  "version": "0.1.0",
  "type": "obsFeatureMatrix",
  "data": {
    "ROI_00": {
      "score": 0.37601250410079956,
      "interaction": "T-cell entry site",
      "intensity_score": 0.2520250082015991,
      "attention_score": 0.5,
      "num_nodes": 2,
      "num_edges": 2
    },
    "ROI_01": {
      "score": 0.32881907373666763,
      "interaction": "T-cell entry site",
      "intensity_score": 0.22906668484210968,
      "attention_score": 0.4285714626312256,
      "num_nodes": 3,
      "num_edges": 4
    },
    "ROI_02": {
      "score": 0.32653573155403137,
      "interaction": "T-cell entry site",
      "intensity_score": 0.22450000047683716,
      "attention_score": 0.4285714626312256,
      "num_nodes": 3,
      "num_edges": 4
    },
    "ROI_03": {
      "score": 0.32477501034736633,
      "interaction": "T-cell entry site",
      "intensity_score": 0.31621667742729187,
      "attention_score": 0.3333333432674408,
      "num_nodes": 3,
      "num_edges": 6
    },
    "ROI_04": {
      "score": 0.32366905361413956,
      "interaction": "T-cell entry site",
      "intensity_score": 0.21876664459705353,
      "attention_score": 0.4285714626312256,
      "num_nodes": 3,
      "num_edges": 4
    },
    "ROI_05": {
      "score": 0.32017499953508377,
      "interaction": "T-cell entry site",
      "intensity_score": 0.14034999907016754,
      "attention_score": 0.5,
      "num_nodes": 2,
      "num_edges": 2
    },
    "ROI_06": {
      "score": 0.3153357282280922,
      "interaction": "T-cell entry site",
      "intensity_score": 0.2020999938249588,
      "attention_score": 0.4285714626312256,
      "num_nodes": 3,
      "num_edges": 4
    },
    "ROI_07": {
      "score": 0.3123476952314377,
      "interaction": "T-cell entry site",
      "intensity_score": 0.24007999897003174,
      "attention_score": 0.38461539149284363,
      "num_nodes": 5,
      "num_edges": 8
    }
  }
}